Key,Id,English(en),Russian(ru)
"menu.offers",3102728192,"Offers","Предложения"
"menu.shop",3207585792,"Shop","Магазин"
"menu.decoration",4000001120,"Decoration","Декор"
"resource.electricity",3211780096,"Electricity","Электричество"
"resource.oxygen",3211780097,"Oxygen","Кислород"
"resource.water",3220168704,"Water","Вода"
"resource.module",3220168705,"Modules","Модули"
"resource.inventory.title",4000000044,"Your resources","Ваши ресурсы"
"resource.item.iron",4000000045,"Iron","Железо"
"resource.item.titan",4000000046,"Titan","Титан"
"resource.item.rogalite",4000000047,"Rogalite","Рогалит"
"resource.item.aluminium",4000000048,"Aluminium","Алюминий"
"resource.item.ladder",4000000049,"Ladder","Лестница"
"resource.item.employee",4000000050,"Employee","Сотрудник"
"resource.item.gold",4000000051,"Gold","Золото"
"resource.item.vegetables",4000000052,"Vegetables","Овощи"
"resource.item.meet",4000000053,"Meat","Мясо"
"resource.item.beer",4000000054,"Beer","Пиво"
"resource.item.fish",4000000055,"Fish","Рыба"
"resource.item.medicines",4000000056,"Medicines","Медикаменты"
"resource.item.tree",4000000057,"Tree","Дерево"
"resource.item.cable",4000000058,"Cable","Кабель"
"resource.item.water_pipe",4000000059,"Water Pipe","Водяная труба"
"resource.item.oxygen_pipe",4000000060,"Oxygen Pipe","Кислородная труба"
"resource.dropped_prefabs",4000000061,"Dropped Prefabs","Сброшенные префабы"
"time.sol",4000000062,"Sol","Сол"
"time.day",4000000063,"Day","День"
"time.night",4000000064,"Night","Ночь"
"character.diagnostics.title",4000001000,"Characters","Персонажи"
"character.diagnostics.no_characters",4000001001,"No characters","Нет персонажей"
"character.diagnostics.name_key",4000001002,"NameKey","Ключ имени"
"character.diagnostics.state",4000001003,"State","Состояние"
"character.diagnostics.local",4000001004,"Local","Локальное состояние"
"character.diagnostics.work_decision",4000001005,"Work decision","Решение по работе"
"character.diagnostics.task_block_reason",4000001006,"Task block reason","Причина блокировки задачи"
"character.diagnostics.food_preferences",4000001007,"Food preferences","Предпочтения в еде"
"character.diagnostics.movement",4000001008,"Movement: current {0}, max {1}, lerp {2}","Движение: текущее {0}, макс. {1}, сглаживание {2}"
"character.diagnostics.animation",4000001009,"Animation: sim x{0}, anim x{1}, playback x{2}","Анимация: сим. x{0}, анимация x{1}, воспроизведение x{2}"
"character.diagnostics.hunger",4000001010,"Hunger: {0}/300 | To critical: {1}","Голод: {0}/300 | До критического уровня: {1}"
"character.diagnostics.sleep_desire",4000001011,"Sleep desire: {0}/300 | To critical: {1}","Потребность во сне: {0}/300 | До критического уровня: {1}"
"character.diagnostics.mood",4000001012,"Mood: {0}/100","Настроение: {0}/100"
"character.diagnostics.sleep_cycle",4000001013,"Sleep cycle","Цикл сна"
"character.diagnostics.eat_cycle",4000001014,"Eat cycle","Цикл еды"
"character.diagnostics.work_24h",4000001015,"Work (24h)","Работа (24 ч)"
"character.diagnostics.rest_cycle",4000001016,"Rest cycle","Цикл отдыха"
"character.diagnostics.cycle.done_left_total",4000001017," min (done/left/total)"," мин (выполнено/осталось/всего)"
"character.diagnostics.cycle.done_left_current_eat",4000001018," min (done/left/current eat)"," мин (выполнено/осталось/текущий приём пищи)"
"character.diagnostics.cycle.done_left_target",4000001019," min (done/left/target)"," мин (выполнено/осталось/цель)"
"character.diagnostics.state.idle",4000001020,"Idle","Бездействие"
"character.diagnostics.state.moving",4000001021,"Moving","Перемещение"
"character.diagnostics.state.working",4000001022,"Working","Работа"
"character.diagnostics.state.need_override",4000001023,"Need Override","Переопределение потребности"
"character.diagnostics.state.delivering_resource",4000001024,"Delivering Resource","Доставка ресурса"
"character.diagnostics.state.sleeping",4000001025,"Sleeping","Сон"
"character.diagnostics.state.eating",4000001026,"Eating","Еда"
"character.diagnostics.state.resting",4000001027,"Resting","Отдых"
"character.diagnostics.local.none",4000001028,"None","Нет"
"character.diagnostics.local.sleep",4000001029,"Sleep","Сон"
"character.diagnostics.local.eat",4000001030,"Eat","Еда"
"character.diagnostics.local.rest",4000001031,"Rest","Отдых"
"character.diagnostics.work_decision.yes_already",4000001032,"YES (already on global task)","ДА (уже выполняет глобальную задачу)"
"character.diagnostics.work_decision.no_local_need",4000001033,"NO (local need: {0})","НЕТ (локальная потребность: {0})"
"character.diagnostics.work_decision.no_quota",4000001034,"NO (work quota reached)","НЕТ (достигнут лимит работы)"
"character.diagnostics.work_decision.yes_will_take",4000001035,"YES (will take global task)","ДА (возьмёт глобальную задачу)"
"character.diagnostics.reason.idle",4000001036,"Idle","Бездействие"
"character.diagnostics.reason.manual_move",4000001037,"Manual move active","Активно ручное перемещение"
"character.diagnostics.reason.local_need_flow",4000001038,"Local need flow: {0}","Обработка локальной потребности: {0}"
"character.diagnostics.reason.local_need",4000001039,"Local need: {0}","Локальная потребность: {0}"
"character.diagnostics.reason.delivering_resource",4000001040,"Delivering resource","Доставка ресурса"
"character.diagnostics.reason.already_has_task",4000001041,"Already has global task","Уже выполняет глобальную задачу"
"character.diagnostics.reason.task_acquired",4000001042,"Task acquired","Задача получена"
"character.diagnostics.reason.unknown",4000001043,"Task not acquired (unknown reason)","Задача не получена (неизвестная причина)"
"character.diagnostics.reason.idle_wandering",4000001044,"Idle wandering","Блуждание без задачи"
"character.diagnostics.reason.idle_wander_settle",4000001045,"Idle wander settle","Завершение блуждания без задачи"
"character.diagnostics.reason.idle_wander_wait",4000001046,"Idle wander wait","Ожидание блуждания без задачи"
"character.diagnostics.reason.idle_wander_retry_pause",4000001047,"Idle wander retry pause","Пауза перед повтором блуждания"
"resource.item.meat",4000001048,"Meat","Мясо"
"character.name.prefix.astra",4000001100,"Astra","Астра"
"character.name.prefix.luna",4000001101,"Luna","Луна"
"character.name.prefix.nova",4000001102,"Nova","Нова"
"character.name.prefix.orion",4000001103,"Orion","Орион"
"character.name.prefix.vega",4000001104,"Vega","Вега"
"character.name.prefix.argo",4000001105,"Argo","Арго"
"character.name.prefix.helios",4000001106,"Helios","Гелиос"
"character.name.prefix.rhea",4000001107,"Rhea","Рея"
"character.name.prefix.atlas",4000001108,"Atlas","Атлас"
"character.name.prefix.nix",4000001109,"Nix","Никс"
"character.name.suffix.stone",4000001110,"Stone","Стоун"
"character.name.suffix.vale",4000001111,"Vale","Вейл"
"character.name.suffix.ray",4000001112,"Ray","Рэй"
"character.name.suffix.drift",4000001113,"Drift","Дрифт"
"character.name.suffix.ward",4000001114,"Ward","Уорд"
"character.name.suffix.flint",4000001115,"Flint","Флинт"
"character.name.suffix.brook",4000001116,"Brook","Брук"
"character.name.suffix.quill",4000001117,"Quill","Куилл"
"character.name.suffix.frost",4000001118,"Frost","Фрост"
"character.name.suffix.dawn",4000001119,"Dawn","Доун"
"building.ladder",3220168706,"Ladder","Лестница"
"building.battery.name",3220168801,"Electric Battery","Электрическая батарея"
"building.battery.description",3220168802,"Stores electrical energy for the colony.","Хранит электрическую энергию для колонии."
"building.bridge.name",3220168803,"Bridge","Мост"
"building.bridge.description",3220168804,"Connects separated sections of the colony.","Соединяет раздельные участки колонии."
"building.ladder.name",3220168805,"Ladder","Лестница"
"building.ladder.description",3220168806,"Ladder for vertical movement.","Лестница для вертикального перемещения."
"building.dinnerstation.name",3220168807,"Dining Station","Столовая"
"building.dinnerstation.description",3220168808,"Provides a place for colony residents to eat.","Место для питания жителей колонии."
"building.flowerbig1.name",3220168809,"Large Flower","Большой цветок"
"building.flowerbig1.description",3220168810,"Decorative flower for the colony.","Декоративный цветок для колонии."
"building.flowerbig2.name",3220168811,"Large Flower II","Большой цветок II"
"building.flowerbig2.description",3220168812,"Decorative flower for the colony.","Декоративный цветок для колонии."
"building.flowersmall1.name",3220168813,"Small Flower","Маленький цветок"
"building.flowersmall1.description",3220168814,"Decorative flower for the colony.","Декоративный цветок для колонии."
"building.flowersmall2.name",3220168815,"Small Flower II","Маленький цветок II"
"building.flowersmall2.description",3220168816,"Decorative flower for the colony.","Декоративный цветок для колонии."
"building.paintastro.name",3220168817,"Astronaut Painting","Картина с астронавтом"
"building.paintastro.description",3220168818,"A decorative painting for the colony.","Декоративная картина для колонии."
"building.paintplanet.name",3220168819,"Planet Painting","Картина с планетой"
"building.paintplanet.description",3220168820,"A decorative painting for the colony.","Декоративная картина для колонии."
"building.paintrocket.name",3220168821,"Rocket Painting","Картина с ракетой"
"building.paintrocket.description",3220168822,"A decorative painting for the colony.","Декоративная картина для колонии."
"building.shower.name",3220168823,"Shower","Душ"
"building.shower.description",3220168824,"A shower for colony residents.","Душ для жителей колонии."
"building.sleepmodule.name",3220168825,"Sleep Module","Модуль сна"
"building.sleepmodule.description",3220168826,"Provides sleeping space for colony residents.","Обеспечивает жителей колонии спальными местами."
"building.oxigenprocessingunit.name",3220168827,"Oxygen Processing Unit","Установка переработки кислорода"
"building.oxigenprocessingunit.description",3220168828,"Processes oxygen for the colony network.","Перерабатывает кислород для сети колонии."
"building.oxygenstation.name",3220168829,"Oxygen Storage Station","Станция хранения кислорода"
"building.oxygenstation.description",3220168830,"Stores and distributes breathable oxygen.","Хранит и распределяет пригодный для дыхания кислород."
"building.regolithprocessingunit.name",3220168831,"Regolith Processing Unit","Установка переработки реголита"
"building.regolithprocessingunit.description",3220168832,"Processes regolith for colony production.","Перерабатывает реголит для производства в колонии."
"building.solarpanel.name",3220168833,"Solar Panel","Солнечная панель"
"building.solarpanel.description",3220168834,"Generates electricity from sunlight.","Вырабатывает электричество из солнечного света."
"building.storage.name",3220168835,"Storage","Хранилище"
"building.storage.description",3220168836,"Stores resources for the colony.","Хранит ресурсы для колонии."
"building.waterprocessingunit.name",3220168837,"Water Processing Unit","Установка переработки воды"
"building.waterprocessingunit.description",3220168838,"Processes water for the colony network.","Перерабатывает воду для сети колонии."
"building.waterreclamation.name",3220168839,"Water Reclamation Station","Станция очистки воды"
"building.waterreclamation.description",3220168840,"Purifies used water and stores clean reserves.","Очищает использованную воду и хранит чистые запасы."
"action.destroy",3220168707,"Destroy","Уничтожить"
"action.shovel",3220168708,"Shovel","Лопата"
"action.cancel",3220168709,"Cancel","Отмена"
"action.cable.exit",3220168710,"Cable Exit","Выйти из кабеля"
"action.water.exit",3220168711,"Water Exit","Выйти из воды"
"action.oxygen.exit",3220168712,"Oxygen Exit","Выйти из кислорода"
"action.cable.build",4000001121,"Build Cable","Построить кабель"
"action.cable.cancel",4000001122,"Cancel Cable","Отменить кабель"
"action.water.build",4000001123,"Build Water Pipe","Построить водяную трубу"
"action.water.cancel",4000001124,"Cancel Water Pipe","Отменить водяную трубу"
"action.oxygen.build",4000001125,"Build Oxygen Pipe","Построить кислородную трубу"
"action.oxygen.cancel",4000001126,"Cancel Oxygen Pipe","Отменить кислородную трубу"
"action.life_module.build",4000001127,"Build Life Module","Построить жилой модуль"
"action.life_module.cancel",4000001128,"Cancel Life Module","Отменить жилой модуль"
"decoration.flower.winter_garden",4000001129,"Flower, ""Winter Garden""","Цветок, ""Зимний сад"""
"decoration.flower.oblivion",4000001130,"Flower, ""Oblivion""","Цветок, ""Забвение"""
"decoration.flower.hope",4000001131,"Flower, ""Hope""","Цветок, ""Надежда"""
"decoration.flower.summer_garden",4000001132,"Flower, ""Summer Garden""","Цветок, ""Летний сад"""
"decoration.paint.astronaut",4000001133,"Painting, ""Astronaut""","Картина, ""Астронавта"""
"decoration.paint.planet",4000001134,"Painting, ""Planet""","Картина, ""Планета"""
"decoration.paint.rocket",4000001135,"Painting, ""Rocket""","Картина, ""Ракеты"""
"offers.title",4000000001,"Offers","Предложения"
"offers.new",4000000002,"New Offers","Новые предложения"
"offers.accepted",4000000003,"Accepted Tasks","Принятые задания"
"offers.gold",4000000004,"Gold: {0}","Золото: {0}"
"offers.gold_header",4000001136,"GOLD","ЗОЛОТО"
"offers.task",4000000005,"TASK","ЗАДАНИЕ"
"offers.customer",4000000006,"CUSTOMER","ЗАКАЗЧИК"
"offers.reputation",4000000007,"REP","РЕПУТАЦИЯ"
"offers.resources",4000000008,"RESOURCES","РЕСУРСЫ"
"offers.deadline",4000000009,"DEADLINE","ДЕДЛАЙН"
"offers.cooldown",4000000010,"COOLDOWN","ПЕРЕЗАРЯДКА"
"offers.actions",4000000011,"ACTIONS","ДЕЙСТВИЯ"
"offers.decision",4000000012,"DECISION","РЕШЕНИЕ"
"offers.no.new",4000000013,"No new offers.","Нет новых предложений."
"offers.no.accepted",4000000014,"No accepted tasks.","Нет принятых заданий."
"offers.details",4000000015,"Details","Подробнее"
"offers.accept",4000000016,"Accept","Принять"
"offers.reserve",4000000017,"Reserve","Зарезервировать"
"offers.unreserve",4000000018,"Unreserve","Снять резерв"
"offers.close",4000000019,"Close","Закрыть"
"offers.reject",4000000020,"Reject","Отклонить"
"shop.title",4000000021,"Order Goods","Заказ товаров"
"shop.gold",4000000022,"Gold: {0}","Золото: {0}"
"shop.all",4000000023,"All","Все"
"shop.food",4000000024,"Food","Еда"
"shop.equipment",4000000025,"Equipment","Оборудование"
"shop.personnel",4000000026,"Personnel","Персонал"
"shop.orders",4000000027,"Orders","Заказы"
"shop.catalog",4000000028,"Catalog","Каталог"
"shop.product",4000000029,"Product","Товар"
"shop.supplier",4000000030,"Supplier","Поставщик"
"shop.selected",4000000031,"Selected","Выбрано"
"shop.limit",4000000032,"Limit","Лимит"
"shop.unit.price",4000000033,"Unit Price","Цена за ед."
"shop.total",4000000034,"Total","Всего"
"shop.amount",4000000035,"Amount","Количество"
"shop.price",4000000036,"Price","Цена"
"shop.days.left",4000000037,"Days Left","Осталось дней"
"shop.action",4000000038,"Action","Действие"
"shop.order",4000000039,"Order","Заказать"
"shop.cancel",4000000040,"Cancel","Отмена"
"shop.no.products",4000000041,"No products available.","Нет доступных товаров."
"shop.no.filtered.products",4000000042,"No products for selected category.","Нет товаров в выбранной категории."
"shop.no.orders",4000000043,"No active orders.","Нет активных заказов."
"hud.menu.button.animal-diagnostics-close-btn.description",4000000301,"Closes animal diagnostics.","Закрывает диагностику животных."
"hud.menu.button.battery-btn.description",4000000302,"Builds a battery.","Строит батарею."
"hud.menu.button.shower-btn.description",4000000303,"Builds a shower.","Строит душ."
"hud.menu.button.bottom-menu-water-btn.description",4000000304,"Opens water tools.","Открывает инструменты воды."
"hud.menu.button.build-bridge-btn.description",4000000305,"Builds a bridge.","Строит мост."
"hud.menu.button.dinner-btn.description",4000000306,"Builds a dining station.","Строит столовую."
"hud.menu.button.bottom-menu-energy-btn.description",4000000307,"Opens energy tools.","Открывает энергетические инструменты."
"hud.menu.button.build-cable-btn.description",4000000308,"Builds a cable.","Строит кабель."
"hud.menu.button.build-ladder-btn.description",4000000309,"Builds a ladder.","Строит лестницу."
"hud.menu.button.build-life-module-btn.description",4000000310,"Builds a life module.","Строит жилой модуль."
"hud.menu.button.build-oxygen-btn.description",4000000311,"Builds an oxygen pipe.","Строит кислородную трубу."
"hud.menu.button.build-water-btn.description",4000000312,"Builds a water pipe.","Строит водяную трубу."
"hud.menu.button.cancel-cable-btn.description",4000000313,"Cancels cable placement.","Отменяет прокладку кабеля."
"hud.menu.button.build-storage-btn.description",4000000314,"Builds a storage module.","Строит складской модуль."
"hud.menu.button.water-processing-btn.description",4000000315,"Builds a water processing unit.","Строит установку обработки воды."
"hud.menu.button.water-reclamation-btn.description",4000000316,"Builds a water reclamation unit.","Строит установку очистки воды."
"hud.menu.button.sleep-module-btn.description",4000000317,"Builds a sleep module.","Строит спальный модуль."
"hud.menu.button.solar-panel-btn.description",4000000318,"Builds a solar panel.","Строит солнечную панель."
"hud.menu.button.time-pause-btn.description",4000000319,"Pauses colony time.","Приостанавливает время колонии."
"hud.menu.button.time-play-btn.description",4000000320,"Resumes colony time.","Возобновляет время колонии."
"hud.menu.button.time-speed-x1-btn.description",4000000321,"Sets normal time speed.","Устанавливает обычную скорость времени."
"hud.menu.button.time-speed-x10-btn.description",4000000322,"Sets time speed to 10x.","Устанавливает скорость времени 10x."
"hud.menu.button.time-speed-x20-btn.description",4000000323,"Sets time speed to 20x.","Устанавливает скорость времени 20x."
"hud.menu.button.time-speed-x5-btn.description",4000000324,"Sets time speed to 5x.","Устанавливает скорость времени 5x."
"hud.menu.button.shovel-btn.description",4000000325,"Selects the shovel tool.","Выбирает инструмент лопаты."
"hud.menu.button.shop-tab-orders.description",4000000326,"Opens active shop orders.","Открывает активные заказы магазина."
"hud.menu.button.shop-row-plus.description",4000000327,"Increases order quantity.","Увеличивает количество заказа."
"hud.menu.button.shop-row-order.description",4000000328,"Places the selected order.","Оформляет выбранный заказ."
"hud.menu.button.shop-row-minus.description",4000000329,"Decreases order quantity.","Уменьшает количество заказа."
"hud.menu.button.shop-open-btn.description",4000000330,"Opens the shop.","Открывает магазин."
"hud.menu.button.shop-filter-personnel.description",4000000331,"Shows personnel products.","Показывает товары для персонала."
"hud.menu.button.shop-filter-food.description",4000000332,"Shows food products.","Показывает продукты питания."
"hud.menu.button.shop-filter-all.description",4000000333,"Shows all products.","Показывает все товары."
"hud.menu.button.shop-close-btn.description",4000000334,"Closes the shop.","Закрывает магазин."
"hud.menu.button.regolith-processing-btn.description",4000000335,"Builds a regolith processing unit.","Строит установку обработки реголита."
"hud.menu.button.oxygen-storage-btn.description",4000000336,"Builds an oxygen storage unit.","Строит хранилище кислорода."
"hud.menu.button.oxygen-processing-btn.description",4000000337,"Builds an oxygen processing unit.","Строит установку обработки кислорода."
"hud.menu.button.offers-tab-new.description",4000000338,"Shows new offers.","Показывает новые предложения."
"hud.menu.button.offers-tab-accepted.description",4000000339,"Shows accepted offers.","Показывает принятые предложения."
"hud.menu.button.offers-open-btn.description",4000000340,"Opens the offers panel.","Открывает панель предложений."
"hud.menu.button.shop-filter-equipment.description",4000000341,"Shows equipment products.","Показывает оборудование."
"hud.menu.button.bottom-menu-oxygen-btn.description",4000000342,"Opens oxygen tools.","Открывает инструменты кислорода."
"hud.menu.button.bottom-menu-module-btn.description",4000000343,"Opens module tools.","Открывает инструменты модулей."
"hud.menu.button.cancel-life-module-btn.description",4000000344,"Cancels life module placement.","Отменяет размещение жилого модуля."
"hud.menu.button.cancel-oxygen-btn.description",4000000345,"Cancels oxygen pipe placement.","Отменяет прокладку кислородной трубы."
"hud.menu.button.cancel-shovel-btn.description",4000000346,"Exits the shovel tool.","Выходит из режима лопаты."
"hud.menu.button.cancel-water-btn.description",4000000347,"Cancels water pipe placement.","Отменяет прокладку водяной трубы."
"hud.menu.button.character-diagnostics-close-btn.description",4000000348,"Closes character diagnostics.","Закрывает диагностику персонажа."
"hud.menu.button.colony-event-ack-btn.description",4000000349,"Acknowledges the colony event.","Подтверждает событие колонии."
"hud.menu.button.destruction-btn.description",4000000350,"Enters destruction mode.","Включает режим разрушения."
"hud.menu.button.exit-cable-btn.description",4000000351,"Exits the cable tool.","Выходит из режима кабеля."
"hud.menu.button.offer-tooltip-reject-btn.description",4000000352,"Rejects the current offer.","Отклоняет текущее предложение."
"hud.menu.button.offer-tooltip-header-close-btn.description",4000000353,"Closes the offer window.","Закрывает окно предложения."
"hud.menu.button.offer-tooltip-close-btn.description",4000000354,"Closes the offer details.","Закрывает детали предложения."
"hud.menu.button.offer-tooltip-accept-btn.description",4000000355,"Accepts the current offer.","Принимает текущее предложение."
"hud.menu.button.exit-water-btn.description",4000000356,"Exits the water tool.","Выходит из режима воды."
"hud.menu.button.exit-oxygen-btn.description",4000000357,"Exits the oxygen tool.","Выходит из режима кислорода."
"hud.menu.button.offers-close-btn.description",4000000358,"Closes the offers panel.","Закрывает панель предложений."
"shop.product.beer.name",4000000201,"Beer","Пиво"
"shop.product.beer.description",4000000202,"A morale-boosting drink for the colony.","Напиток для поддержания морали колонии."
"shop.product.cable.name",4000000203,"Cable","Кабель"
"shop.product.cable.description",4000000204,"Connects colony systems and utility lines.","Соединяет системы колонии и инженерные линии."
"shop.product.product-human-employee.name",4000000205,"Employee","Работник"
"shop.product.product-human-employee.description",4000000206,"A trained worker for colony operations.","Подготовленный работник для работы в колонии."
"shop.product.fish.name",4000000207,"Fish","Рыба"
"shop.product.fish.description",4000000208,"A compact food source from aquaculture.","Компактный источник пищи из аквакультуры."
"shop.product.gold.name",4000000209,"Gold","Золото"
"shop.product.gold.description",4000000210,"A valuable trade good for advanced purchases.","Ценный товар для торговли и крупных закупок."
"shop.product.ladder.name",4000000211,"Ladder","Лестница"
"shop.product.ladder.description",4000000212,"Provides safe access between colony levels.","Обеспечивает безопасный доступ между уровнями колонии."
"shop.product.medicines.name",4000000213,"Medicines","Медикаменты"
"shop.product.medicines.description",4000000214,"Medical supplies for treating colony injuries.","Медицинские припасы для лечения травм колонистов."
"shop.product.meat.name",4000000215,"Meat","Мясо"
"shop.product.meat.description",4000000216,"A dense food source for colony meals.","Питательный продукт для рациона колонии."
"shop.product.oxygen-pipe.name",4000000217,"Oxygen Pipe","Кислородная труба"
"shop.product.oxygen-pipe.description",4000000218,"Moves oxygen between connected systems.","Передаёт кислород между соединёнными системами."
"shop.product.tree.name",4000000219,"Tree","Дерево"
"shop.product.tree.description",4000000220,"A living plant for colony spaces.","Живое растение для пространств колонии."
"shop.product.vegetables.name",4000000221,"Vegetables","Овощи"
"shop.product.vegetables.description",4000000222,"Fresh produce for colony meals.","Свежие овощи для рациона колонии."
"shop.product.water-pipe.name",4000000223,"Water Pipe","Водяная труба"
"shop.product.water-pipe.description",4000000224,"Moves water between connected systems.","Передаёт воду между соединёнными системами."
"customer.africansouthafrica.full_name",4000000101,"Thabo Ndlovu","Тхабо Ндлову"
"customer.africansouthafrica.company_name",4000000102,"Cape Horizon Trading","Cape Horizon Trading"
"customer.africansouthafrica.company_description",4000000103,"Regional wholesale buyer focused on retail distribution, household goods, and practical colony supplies.","Региональный оптовый покупатель, работающий с розничными поставками, товарами для дома и практичными ресурсами колонии."
"customer.china.full_name",4000000104,"Wei Zhang","Вэй Чжан"
"customer.china.company_name",4000000105,"Jade River Imports","Jade River Imports"
"customer.china.company_description",4000000106,"Large-scale import manager specializing in consumer products.","Крупный импортёр потребительских товаров."
"customer.ethiopian.full_name",4000000107,"Dawit Bekele","Давит Бекеле"
"customer.ethiopian.company_name",4000000108,"Abyssinia Coffee Partners","Abyssinia Coffee Partners"
"customer.ethiopian.company_description",4000000109,"Experienced trade customer working with agricultural goods.","Опытный торговый партнёр, работающий с сельскохозяйственными товарами."
"customer.france.full_name",4000000110,"Mr Macron","Господин Макрон"
"customer.france.company_name",4000000111,"French Lunar Bureaucracy","Лунная бюрократия Франции"
"customer.france.company_description",4000000112,"A lunar bureaucracy that prefers paperwork before every shipment.","Лунное ведомство предпочитает документы каждой поставке."
"customer.india.full_name",4000000113,"Arjun Patel","Арджун Патель"
"customer.india.company_name",4000000114,"Lotus Bridge Exports","Lotus Bridge Exports"
"customer.india.company_description",4000000115,"Growth-oriented commercial partner interested in bulk orders.","Коммерческий партнёр, заинтересованный в крупных заказах."
"customer.mexico.full_name",4000000116,"Sofia Ramirez","София Рамирес"
"customer.mexico.company_name",4000000117,"Sol Norte Distribution","Sol Norte Distribution"
"customer.mexico.company_description",4000000118,"Distribution-focused buyer serving urban retail channels.","Покупатель, занимающийся поставками для городской торговли."
"customer.navajo.full_name",4000000119,"Kai Begay","Кай Бегей"
"customer.navajo.company_name",4000000120,"Red Mesa Artisan Cooperative","Red Mesa Artisan Cooperative"
"customer.navajo.company_description",4000000121,"Community-centered business representative focused on authentic trade.","Представитель сообщества, выступающий за честную торговлю."
"customer.spacex.full_name",4000000122,"Elon Muskovich","Илон Мускович"
"customer.spacex.company_name",4000000123,"NASA Chief","Глава NASA"
"customer.spacex.company_description",4000000124,"Launches rockets ahead of schedule and deadlines ahead of panic. Loves when everything follows the plan, even if the plan changes every ten minutes.","Запускает ракеты раньше сроков и опережает панику. Любит, когда план работает, даже если меняется каждые десять минут."
"customer.usa.full_name",4000000125,"Mr Donald","Господин Дональд"
"customer.usa.company_name",4000000126,"American businessman","Американский бизнесмен"
"customer.usa.company_description",4000000127,"The Company That Ended 50 Wars","Компания, которая закончила пятьдесят войн."
"offer.offer-southafrica-03.title",51638843727872,"Security Isolator","Изолятор безопасности"
"offer.offer-southafrica-03.description",51638923419648,"The final step adds discipline to stone and steel: an isolated support wing for incidents, contraband, and hard labour disputes.","«Последний шаг добавляет дисциплины камню и стали: изолированное крыло поддержки для инцидентов, контрабанды и тяжелых трудовых споров»."
"offer.offer-southafrica-03.intro",51638923419649,"The buyers want a base that can absorb conflict without falling apart.","Покупателям нужна база, которая сможет поглотить конфликт и не развалиться."
"offer.offer-southafrica-03.accept",51638923419650,"Build the isolator wing and pass the final security review.","Постройте изолятор и пройдите финальную проверку безопасности."
"offer.offer-southafrica-03.complete",51638923419651,"The isolator review closed out the discipline program.","Проверка изолятора завершила дисциплинарную программу."
"offer.offer-southafrica-03.fail",51638923419652,"The review found the isolator too weak for real incidents.","Проверка показала, что изолятор слишком слаб для реальных инцидентов."
"offer.offer-southafrica-03.stage.0.title",51638923419653,"Isolator Prep","Подготовка изолятора"
"offer.offer-southafrica-03.stage.0.description",51638927613952,"Expand the habitat and add sleeping capacity for the containment wing.","Расширьте среду обитания и добавьте спальные места в защитное крыло."
"offer.offer-southafrica-03.stage.0.objective.0.description",51638927613953,"Reach life-module width 10.","Достигните ширины жизненного модуля 10."
"offer.offer-southafrica-03.stage.0.objective.1.description",51638927613954,"Build 2 Sleep Modules.","Постройте 2 модуля сна."
"offer.offer-southafrica-03.stage.1.title",6000000001,"Security Review","Обзор безопасности"
"offer.offer-southafrica-03.stage.1.description",6000000002,"Receive the review and pass the final security inspection.","Получите отзыв и пройдите окончательную проверку безопасности."
"offer.offer-southafrica-03.stage.1.objective.0.description",6000000003,"Pass the containment inspection.","Пройдите проверку содержания."
"offer.offer-southafrica-01.title",51638927613955,"Deep Mining Contract","Контракт на глубокую добычу полезных ископаемых"
"offer.offer-southafrica-01.description",51638927613956,"South African buyers want a tougher mining signal: larger loads, harder tempo, and less tolerance for drift.","«Покупателям из Южной Африки нужен более жесткий сигнал для горнодобывающей промышленности: большие нагрузки, больший темп и меньшая устойчивость к дрейфу»."
"offer.offer-southafrica-01.intro",51638927613957,"The first test is simple: move heavier ore without excuses.","«Первый тест прост: перемещайте более тяжелую руду без оправданий»."
"offer.offer-southafrica-01.accept",51638927613958,"Prepare the titan package and send it on time.","Подготовьте титановую посылку и отправьте ее вовремя."
"offer.offer-southafrica-01.complete",51638927613959,"The heavy-lift batch opened a harsher second contract.","На партию тяжелых грузов был заключен второй, более суровый контракт."
"offer.offer-southafrica-01.fail",51638927613960,"The mining contract slipped before the heavy buyers were convinced.","Контракт на добычу полезных ископаемых был сорван прежде, чем это убедило крупных покупателей."
"offer.offer-southafrica-01.stage.0.title",51638927613961,"Deep Cut Stock","Глубокий вырез"
"offer.offer-southafrica-01.stage.0.description",51638927613962,"Gather enough titan to satisfy a harder industrial buyer.","Соберите достаточно титана, чтобы удовлетворить более требовательного промышленного покупателя."
"offer.offer-southafrica-01.stage.0.objective.0.description",51638927613963,"Accumulate 16 Titan.","Накопите 16 Титанов."
"offer.offer-southafrica-02.title",51638927613964,"Mining Backbone","Магистральная магистраль"
"offer.offer-southafrica-02.description",51638927613965,"The second request wants more than ore: it wants a backbone of storage, power, and processing that can survive stress.","Второй запрос требует не только руды: нужна основа из хранилищ, энергии и переработки, способная выдержать нагрузку."
"offer.offer-southafrica-02.intro",51638927613966,"The buyers now care about discipline, not just tonnage.","Теперь покупателям важен порядок, а не только тоннаж."
"offer.offer-southafrica-02.accept",51638927613967,"Build the backbone and keep it stable long enough to earn trust.","Создайте эту основу и поддерживайте её стабильность, чтобы заслужить доверие."
"offer.offer-southafrica-02.complete",51638927613968,"The backbone held and pushed the contract into security territory.","Основа выдержала нагрузку и перевела контракт в зону безопасности."
"offer.offer-southafrica-02.fail",51638927613969,"The backbone looked too weak for long-term heavy work.","Основа оказалась слишком слабой для длительной тяжёлой работы."
"offer.offer-southafrica-02.stage.0.title",51638927613970,"Mining Backbone","Горнодобывающий каркас"
"offer.offer-southafrica-02.stage.0.description",51638927613971,"Add storage and a processing unit for the deeper mining program.","Добавьте хранилища и перерабатывающую установку для углублённой добычи."
"offer.offer-southafrica-02.stage.0.objective.0.description",51638927613972,"Build 2 Storage buildings.","Постройте 2 хранилища."
"offer.offer-southafrica-02.stage.0.objective.1.description",51638927613973,"Build 1 Regolith Processing Unit.","Постройте 1 установку переработки реголита."
"offer.offer-china-03.title",51638927613974,"Efficiency Audit","Проверка эффективности"
"offer.offer-china-03.description",51638927613975,"The final Chinese step is managerial: keep capital visible, widen the colony, and survive a hard efficiency audit.","Последний китайский этап носит управленческий характер: держите капитал под контролем, расширяйте колонию и выдержите строгую проверку эффективности."
"offer.offer-china-03.intro",51638927613976,"The audit team does not care about your excuses, only your ratios.","Команду аудиторов не интересуют оправдания — только ваши показатели."
"offer.offer-china-03.accept",51638927613977,"Prepare the colony for a cold efficiency review.","Подготовьте колонию к беспристрастной проверке эффективности."
"offer.offer-china-03.complete",51638927613978,"The audit cleared the colony for industrial expansion.","Аудит подтвердил готовность колонии к промышленному расширению."
"offer.offer-china-03.fail",51638927613979,"The review found too much slack in the system.","Проверка выявила слишком много неиспользуемых ресурсов."
"offer.offer-china-03.stage.0.title",51638927613980,"Efficiency Buffer","Резерв эффективности"
"offer.offer-china-03.stage.0.description",51638927613981,"Keep enough gold on hand and widen the habitat spine.","Держите достаточно золота в запасе и расширьте жилой каркас."
"offer.offer-china-03.stage.0.objective.0.description",51638927613982,"Reach 250 stored Gold.","Накопите 250 единиц золота."
"offer.offer-china-03.stage.0.objective.1.description",51638927613983,"Reach life-module width 8.","Достигните ширины жилого модуля 8."
"offer.offer-china-02.title",51638927613984,"Second Production Line","Вторая производственная линия"
"offer.offer-china-02.description",51638927613985,"With bulk extraction proven, the next demand is a tougher one: add a second processing backbone and keep it stable under load.","После подтверждения массовой добычи следующий вызов сложнее: добавьте второй контур переработки и поддерживайте его стабильность под нагрузкой."
"offer.offer-china-02.intro",51638927613986,"This is the point where scale turns into systems engineering.","На этом этапе масштаб превращается в инженерную задачу."
"offer.offer-china-02.accept",51638927613987,"Build the line, store the output, and hold power steady.","Постройте линию, накопите продукцию и удерживайте стабильную подачу энергии."
"offer.offer-china-02.complete",51638927613988,"The second line held and moved the program into audit phase.","Вторая линия выдержала нагрузку и перевела программу к этапу аудита."
"offer.offer-china-02.fail",51638927613989,"The line buckled before it could be trusted.","Линия не выдержала, прежде чем заслужила доверие."
"offer.offer-china-02.stage.0.title",51638927613990,"Second Line","Вторая линия"
"offer.offer-china-02.stage.0.description",51638927613991,"Add a new regolith processor and enough storage to feed it.","Добавьте новый перерабатывающий модуль и достаточно хранилищ для его снабжения."
"offer.offer-china-02.stage.0.objective.0.description",51638927613992,"Build 1 Regolith Processing Unit.","Постройте 1 установку переработки реголита."
"offer.offer-china-02.stage.0.objective.1.description",51638927613993,"Build 2 Storage buildings.","Постройте 2 хранилища."
"offer.offer-china-01.title",51638927613994,"Industrial Scale Trial","Испытание промышленного масштаба"
"offer.offer-china-01.description",51638927613995,"Chinese buyers want proof that the moon base can move raw material in bulk, not just in curated science lots.","Китайским покупателям нужно доказательство, что лунная база может перемещать сырьё большими партиями, а не только отобранными научными образцами."
"offer.offer-china-01.intro",51638927613996,"The request is blunt: scale matters more than elegance.","Запрос предельно прямолинеен: масштаб важнее изящества."
"offer.offer-china-01.accept",51638927613997,"Fill the stockpile and send the first heavy batch.","Заполните запас и отправьте первую крупную партию."
"offer.offer-china-01.complete",51638927613998,"The industrial desk approved a larger expansion package.","Промышленный отдел одобрил расширенный пакет развития."
"offer.offer-china-01.fail",51638927613999,"The batch never reached the scale benchmark.","Партия не достигла требуемого промышленного масштаба."
"offer.offer-china-01.stage.0.title",51638927614000,"Bulk Extraction","Массовая добыча"
"offer.offer-china-01.stage.0.description",51638927614001,"Pull enough titan to make the industrial buyers take the base seriously.","Добудьте достаточно титана, чтобы промышленные покупатели отнеслись к базе серьёзно."
"offer.offer-china-01.stage.0.objective.0.description",51638927614002,"Accumulate 20 Titan.","Накопите 20 единиц титана."
"offer.offer-ethiopian-03.title",51638927614003,"Stability Program Review","Проверка программы стабильности"
"offer.offer-ethiopian-03.description",51638927614004,"The final Ethiopian request turns your humane base into a public program: prove it can stay kind without becoming weak.","Последний эфиопский запрос превращает гуманную базу в общественную программу: докажите, что она может оставаться заботливой, не становясь слабой."
"offer.offer-ethiopian-03.intro",51638927614005,"This review will decide whether the colony can be sold as a stable community, not just a mine.","Эта проверка решит, можно ли представить колонию как стабильное сообщество, а не просто рудник."
"offer.offer-ethiopian-03.accept",51638927614006,"Keep beds ready, hold a gold buffer, and pass the program review.","Подготовьте спальные места, создайте резерв золота и пройдите проверку программы."
"offer.offer-ethiopian-03.complete",51638927614007,"The program review concluded that the colony can sustain more civilian life.","Проверка программы показала, что колония готова поддерживать больше гражданских жителей."
"offer.offer-ethiopian-03.fail",51638927614008,"The review judged the colony too brittle for expansion.","Проверка признала колонию слишком хрупкой для расширения."
"offer.offer-ethiopian-03.stage.0.title",51638927614009,"Program Readiness","Готовность программы"
"offer.offer-ethiopian-03.stage.0.description",51638927614010,"Add beds and keep enough funding for a longer support cycle.","Добавьте спальные места и обеспечьте достаточное финансирование для длительного цикла поддержки."
"offer.offer-ethiopian-03.stage.0.objective.0.description",51638927614011,"Build 2 Sleep Modules.","Постройте 2 модуля сна."
"offer.offer-ethiopian-03.stage.0.objective.1.description",51638927614012,"Reach 200 stored Gold.","Накопите 200 единиц золота."
"offer.offer-ethiopian-02.title",51638927614013,"Rest Zone Program","Программа зоны отдыха"
"offer.offer-ethiopian-02.description",51638927614014,"The next phase wants the base to feel humane: food, rest, and a recovery loop that can stay calm under pressure.","Следующий этап должен сделать базу более человечной: еда, отдых и восстановление, сохраняющие спокойствие под нагрузкой."
"offer.offer-ethiopian-02.intro",51638927614015,"A stable base is measured by how people recover, not just how they mine.","Стабильность базы определяется тем, как люди восстанавливаются, а не только тем, как они добывают ресурсы."
"offer.offer-ethiopian-02.accept",51638927614016,"Build the rest zone and keep its utilities healthy.","Постройте зону отдыха и поддерживайте её коммунальные системы в рабочем состоянии."
"offer.offer-ethiopian-02.complete",51638927614017,"The rest zone proved the colony can care for its people.","Зона отдыха доказала, что колония способна заботиться о своих людях."
"offer.offer-ethiopian-02.fail",51638927614018,"The support loop never looked steady enough to trust.","Цикл поддержки так и не стал достаточно стабильным, чтобы ему доверять."
"offer.offer-ethiopian-02.stage.0.title",51638927614019,"Rest Zone","Зона отдыха"
"offer.offer-ethiopian-02.stage.0.description",51638927614020,"Expand the habitat and add a dinner space for the relief program.","Расширьте жилой модуль и добавьте столовую для программы восстановления."
"offer.offer-ethiopian-02.stage.0.objective.0.description",51638927614021,"Reach life-module width 8.","Достигните ширины жилого модуля 8."
"offer.offer-ethiopian-02.stage.0.objective.1.description",51638927614022,"Build 1 Dinner Station.","Постройте 1 обеденную станцию."
"offer.offer-ethiopian-01.title",51638927614023,"Sustainment Goods","Товары жизнеобеспечения"
"offer.offer-ethiopian-01.description",51638927614024,"The first Ethiopian request focuses on dependable sustainment cargo for a colony that still feels exposed.","Первый эфиопский запрос посвящён надёжному грузу жизнеобеспечения для колонии, которая всё ещё уязвима."
"offer.offer-ethiopian-01.intro",51638927614025,"The cargo is modest, but the promise behind it matters.","Груз невелик, но важна цель, которую он поддерживает."
"offer.offer-ethiopian-01.accept",51638927614026,"Prepare the sustainment batch and deliver it on schedule.","Подготовьте партию жизнеобеспечения и доставьте её по графику."
"offer.offer-ethiopian-01.complete",51638927614027,"The sustainment goods arrived and opened a broader stability program.","Товары жизнеобеспечения прибыли и открыли более широкую программу стабильности."
"offer.offer-ethiopian-01.fail",51638927614028,"The sustainment program stumbled before it started.","Программа жизнеобеспечения сорвалась, едва начавшись."
"offer.offer-ethiopian-01.stage.0.title",51638927614029,"Relief Stock","Резерв помощи"
"offer.offer-ethiopian-01.stage.0.description",51638927614030,"Gather aluminium for the sustainment package.","Соберите алюминий для пакета жизнеобеспечения."
"offer.offer-ethiopian-01.stage.0.objective.0.description",51638927614031,"Accumulate 10 aluminium.","Накопите 10 единиц алюминия."
"offer.offer-france-02.title",51638927614032,"Habitat Certification Wing","Крыло сертификации жилого модуля"
"offer.offer-france-02.description",51638927614033,"With samples secured, the bureau now wants a proper scientific habitat with reliable life support.","После сбора образцов бюро требует полноценный научный жилой модуль с надёжной системой жизнеобеспечения."
"offer.offer-france-02.intro",51638927614034,"Engineers from Europe drafted a certification checklist.","Европейские инженеры составили контрольный список для сертификации."
"offer.offer-france-02.accept",51638927614035,"Extend the habitat and keep the utility line stable long enough for sign-off.","Расширьте жилой модуль и достаточно долго поддерживайте стабильность коммунальных систем для сертификации."
"offer.offer-france-02.complete",51638927614036,"The wing passed structural certification.","Крыло прошло структурную сертификацию."
"offer.offer-france-02.fail",51638927614037,"Certification failed before the observers arrived.","Сертификация провалилась ещё до прибытия наблюдателей."
"offer.offer-france-02.stage.0.title",51638927614038,"Research Habitat","Исследовательский модуль"
"offer.offer-france-02.stage.0.description",51638927614039,"Expand the living band and add sleeping capacity for the visiting team.","Расширьте жилую зону и добавьте спальные места для прибывающей команды."
"offer.offer-france-02.stage.0.objective.0.description",51638927614040,"Reach life-module width 10.","Достигните ширины жилого модуля 10."
"offer.offer-france-02.stage.0.objective.1.description",51638927614041,"Build 1 Sleep Module.","Постройте 1 модуль сна."
"offer.offer-france-03.title",51638927614042,"European Colony Inspection","Проверка европейской колонии"
"offer.offer-france-03.description",51638927614043,"The final French request is ceremonial and political: host an official inspection without letting the base look improvised.","Последний французский запрос носит церемониальный и политический характер: примите официальную инспекцию, не показывая, что база собрана наспех."
"offer.offer-france-03.intro",51638927614044,"The inspectors want a colony that feels permanent, not lucky.","Инспекторам нужна постоянная колония, а не случайно выживший лагерь."
"offer.offer-france-03.accept",51638927614045,"Prepare a dining space, keep a cash reserve, and welcome the inspection convoy.","Подготовьте столовую, сохраните денежный резерв и встретьте инспекционный конвой."
"offer.offer-france-03.complete",51638927614046,"The European review stamped the colony as a serious scientific outpost.","Европейская проверка признала колонию серьёзным научным форпостом."
"offer.offer-france-03.fail",51638927614047,"The inspectors saw too much improvisation.","Инспекторы заметили слишком много импровизации."
"offer.offer-france-03.stage.0.title",51638927614048,"Inspection Window","Окно инспекции"
"offer.offer-france-03.stage.0.description",51638927614049,"Set up a dignified host space and keep funding visible.","Создайте достойное пространство для гостей и обеспечьте прозрачный финансовый резерв."
"offer.offer-france-03.stage.0.objective.0.description",51638927614050,"Build 1 Dinner Station.","Постройте 1 обеденную станцию."
"offer.offer-france-03.stage.0.objective.1.description",51638927614051,"Reach 220 stored Gold.","Накопите 220 единиц золота."
"offer.offer-france-01.title",51638927614052,"Regolith for Research","Реголит для исследований"
"offer.offer-france-01.description",51638927614053,"French labs want clean regolith shipments to justify a larger scientific station on the moon.","Французским лабораториям нужны чистые поставки реголита, чтобы обосновать расширение научной станции на Луне."
"offer.offer-france-01.intro",51638927614054,"The first batch is meant for a fragile research window.","Первая партия предназначена для короткого и уязвимого исследовательского окна."
"offer.offer-france-01.accept",51638927614055,"Secure the regolith and send it before the science slot expires.","Соберите реголит и отправьте его до окончания научного окна."
"offer.offer-france-01.complete",51638927614056,"The laboratory shipment impressed the bureau.","Лабораторная поставка впечатлила бюро."
"offer.offer-france-01.fail",51638927614057,"The regolith never reached the scientists in time.","Реголит не успел попасть к учёным."
"offer.offer-france-01.stage.0.title",51638927614058,"Research Stockpile","Исследовательский запас"
"offer.offer-france-01.stage.0.description",51638927614059,"Gather regolith fit for laboratory use.","Соберите реголит, пригодный для лабораторного использования."
"offer.offer-france-01.stage.0.objective.0.description",51638927614060,"Accumulate 12 Rogalite.","Накопите 12 единиц рогалита."
"offer.offer-india-03.title",51638927614061,"Civic Guest Program","Программа гражданских гостей"
"offer.offer-india-03.description",51638927614062,"The final Indian request is a public-facing one: open the first civic guest module and prove the colony can welcome non-specialists.","Последний индийский запрос обращён к обществу: откройте первый гражданский модуль и докажите, что колония готова принимать неспециалистов."
"offer.offer-india-03.intro",51638927614063,"The guest program is meant to humanize the colony, not just fund it.","Программа приёма гостей должна очеловечить колонию, а не только финансировать её."
"offer.offer-india-03.accept",51638927614064,"Finish the public-facing module and pass the final visit.","Завершите модуль для гостей и пройдите финальный визит."
"offer.offer-india-03.complete",51638927614065,"The guest program launched and broadened the colony's reputation.","Программа приёма гостей запущена и укрепила репутацию колонии."
"offer.offer-india-03.fail",51638927614066,"The visit made the colony feel too improvised for civilians.","После визита колония показалась слишком непродуманной для гражданских гостей."
"offer.offer-india-03.stage.0.title",51638927614067,"Public Module","Гражданский модуль"
"offer.offer-india-03.stage.0.description",51638927614068,"Add water support and keep a visible cash reserve for the public launch.","Добавьте систему водоснабжения и сохраните заметный денежный резерв к открытию модуля."
"offer.offer-india-03.stage.0.objective.0.description",51638927614069,"Build 1 Water Reclamation unit.","Постройте 1 установку восстановления воды."
"offer.offer-india-03.stage.0.objective.1.description",51638927614070,"Reach 220 stored Gold.","Накопите 220 единиц золота."
"offer.offer-india-02.title",51638927614071,"Delegation Habitat","Жилой модуль делегации"
"offer.offer-india-02.description",51638927614072,"The next phase is social as much as technical: create a larger, calmer habitat for a civilian delegation.","Следующий этап одновременно социальный и технический: создайте просторный спокойный жилой модуль для гражданской делегации."
"offer.offer-india-02.intro",51638927614073,"A civilian delegation needs more than a miner bunk.","Гражданской делегации нужно больше, чем койки шахтёров."
"offer.offer-india-02.accept",51638927614074,"Expand the habitat and keep the daily support loop visible.","Расширьте жилой модуль и обеспечьте прозрачную ежедневную поддержку."
"offer.offer-india-02.complete",51638927614075,"The habitat is ready for a formal delegation.","Жилой модуль готов к официальной делегации."
"offer.offer-india-02.fail",51638927614076,"The delegation wing never felt stable enough.","Крыло делегации так и не стало достаточно стабильным."
"offer.offer-india-02.stage.0.title",51638927614077,"Delegation Quarters","Кварталы делегации"
"offer.offer-india-02.stage.0.description",51638927614078,"Widen the habitat and add sleeping capacity for official guests.","Расширьте жилой модуль и добавьте спальные места для официальных гостей."
"offer.offer-india-02.stage.0.objective.0.description",51638927614079,"Reach life-module width 12.","Достигните ширины жилого модуля 12."
"offer.offer-india-02.stage.0.objective.1.description",51638927614080,"Build 2 Sleep Modules.","Постройте 2 модуля сна."
"offer.offer-india-01.title",51638927614081,"Civil Supply Bridge","Мост гражданских поставок"
"offer.offer-india-01.description",51638927614082,"India wants a dependable civil supply bridge first: practical materials, predictable timing, no heroic improvisation.","Индии сначала нужен надёжный мост гражданских поставок: практичные материалы, предсказуемые сроки и никакой героической импровизации."
"offer.offer-india-01.intro",51638927614083,"The first request is about trust, not spectacle.","Первый запрос — о доверии, а не о зрелищности."
"offer.offer-india-01.accept",51638927614084,"Prepare the base materials package and send it on time.","Подготовьте пакет базовых материалов и отправьте его вовремя."
"offer.offer-india-01.complete",51638927614085,"The bridge held and the delegation planners moved forward.","Мост выдержал, и планировщики делегации перешли к следующему этапу."
"offer.offer-india-01.fail",51638927614086,"The materials package slipped before the first delegation even launched.","Поставка материалов сорвалась ещё до отправления первой делегации."
"offer.offer-india-01.stage.0.title",51638927614087,"Common Stock","Общий запас"
"offer.offer-india-01.stage.0.description",51638927614088,"Gather aluminium for the civil supply package.","Соберите алюминий для пакета гражданских поставок."
"offer.offer-india-01.stage.0.objective.0.description",51638927614089,"Accumulate 14 aluminium.","Накопите 14 единиц алюминия."
"offer.offer-mexico-03.title",51638927614090,"Base Celebration","Праздник на базе"
"offer.offer-mexico-03.description",51638927614091,"The final request turns the colony into a stage: hold a visible event without exposing how thin your support margins are.","Последний запрос превращает колонию в сцену: проведите заметное мероприятие, не показывая, насколько мал ваш запас поддержки."
"offer.offer-mexico-03.intro",51638927614092,"A public event can sell a story faster than any shipment manifest.","Публичное мероприятие продаёт историю быстрее любого грузового манифеста."
"offer.offer-mexico-03.accept",51638927614093,"Build the event buffer, keep funding on hand, and pass the final review.","Создайте резерв для мероприятия, держите финансирование под рукой и пройдите финальную проверку."
"offer.offer-mexico-03.complete",51638927614094,"The celebration landed and turned the colony into a destination.","Праздник удался и превратил колонию в новое место назначения."
"offer.offer-mexico-03.fail",51638927614095,"The event exposed more fragility than charm.","Мероприятие выявило больше хрупкости, чем обаяния."
"offer.offer-mexico-03.stage.0.title",51638927614096,"Event Budget","Бюджет мероприятия"
"offer.offer-mexico-03.stage.0.description",51638927614097,"Widen the habitat and keep enough gold for a visible event.","Расширьте жилой модуль и сохраните достаточно золота для заметного мероприятия."
"offer.offer-mexico-03.stage.0.objective.0.description",51638927614098,"Reach life-module width 8.","Достигните ширины жилого модуля 8."
"offer.offer-mexico-03.stage.0.objective.1.description",51638927614099,"Reach 180 stored Gold.","Накопите 180 единиц золота."
"offer.offer-mexico-02.title",51638927614100,"Mess Hall Service Wing","Сервисное крыло столовой"
"offer.offer-mexico-02.description",51638927614101,"With dispatches working, the next task is service quality inside the colony: food, flow, and practical support under load.","После налаживания отправок следующая задача — качество обслуживания внутри колонии: еда, поток людей и практическая поддержка под нагрузкой."
"offer.offer-mexico-02.intro",51638927614102,"A colony that can sell goods should also know how to host people.","Колония, способная продавать товары, должна уметь и принимать людей."
"offer.offer-mexico-02.accept",51638927614103,"Build the service wing and keep it operating for a full cycle.","Постройте сервисное крыло и поддерживайте его работу полный цикл."
"offer.offer-mexico-02.complete",51638931808256,"The service wing proved the base can host a steady crowd.","Сервисное крыло доказало, что база может принимать устойчивый поток посетителей."
"offer.offer-mexico-02.fail",51638931808257,"The wing never looked ready for real traffic.","Крыло так и не оказалось готовым к реальному потоку."
"offer.offer-mexico-02.stage.0.title",51638931808258,"Service Wing","Сервисное крыло"
"offer.offer-mexico-02.stage.0.description",51638931808259,"Add dining capacity and reinforce the logistics spine behind it.","Добавьте места для питания и укрепите поддерживающий его логистический контур."
"offer.offer-mexico-02.stage.0.objective.0.description",51638931808260,"Build 1 Dinner Station.","Постройте 1 обеденную станцию."
"offer.offer-mexico-02.stage.0.objective.1.description",51638931808261,"Build 2 Storage buildings.","Постройте 2 хранилища."
"offer.offer-mexico-01.title",51638931808262,"Service Supply Loop","Контур сервисных поставок"
"offer.offer-mexico-01.description",51638931808263,"Mexico wants a smaller but reliable service loop: repeatable dispatches that prove the base can support daily commerce.","Мексике нужен небольшой, но надёжный сервисный контур: повторяемые отправки, доказывающие способность базы поддерживать ежедневную торговлю."
"offer.offer-mexico-01.intro",51638931808264,"This is the kind of contract that looks easy until your base gets busy.","Такой контракт кажется простым, пока база не начинает работать на пределе."
"offer.offer-mexico-01.accept",51638931808265,"Prepare the first service batch and send it without delay.","Подготовьте первую сервисную партию и отправьте её без задержки."
"offer.offer-mexico-01.complete",51638931808266,"The service loop started cleanly and opened the next request.","Сервисный контур запустился без сбоев и открыл следующий запрос."
"offer.offer-mexico-01.fail",51638931808267,"The service loop stalled before trust could build.","Сервисный контур остановился, прежде чем успел завоевать доверие."
"offer.offer-mexico-01.stage.0.title",51638931808268,"Local Stock","Местный запас"
"offer.offer-mexico-01.stage.0.description",51638931808269,"Gather regolith for the fast service dispatch.","Соберите реголит для срочной сервисной отправки."
"offer.offer-mexico-01.stage.0.objective.0.description",51638931808270,"Accumulate 10 Rogalite.","Накопите 10 единиц рогалита."
"offer.offer-navajo-01.title",51638931808271,"Fair Trade Sample","Образец честной торговли"
"offer.offer-navajo-01.description",51638931808272,"The cooperative wants proof that your extraction can respect limits and still keep a promise.","Кооперативу нужно доказательство, что ваша добыча может соблюдать ограничения и всё же выполнять обещания."
"offer.offer-navajo-01.intro",51638931808273,"This contract is small by design. Trust matters more than volume.","Этот контракт намеренно небольшой. Доверие важнее объёма."
"offer.offer-navajo-01.accept",51638931808274,"Prepare the fair-trade sample and send it without diluting its value.","Подготовьте образец честной торговли и отправьте его, не снижая его ценности."
"offer.offer-navajo-01.complete",51638931808275,"The sample shipment built trust with the cooperative.","Поставка образца укрепила доверие кооператива."
"offer.offer-navajo-01.fail",51638931808276,"The sample never made it through the trust test.","Образец не прошёл проверку на доверие."
"offer.offer-navajo-01.stage.0.title",51638931808277,"Careful Reserve","Осторожный резерв"
"offer.offer-navajo-01.stage.0.description",51638931808278,"Gather a modest regolith sample without turning the request into bulk mining.","Соберите небольшой образец реголита, не превращая запрос в массовую добычу."
"offer.offer-navajo-01.stage.0.objective.0.description",51638931808279,"Accumulate 8 Rogalite.","Накопите 8 единиц рогалита."
"offer.offer-navajo-02.title",51638931808280,"Cultural Habitat","Культурный жилой модуль"
"offer.offer-navajo-02.description",51638931808281,"The next request asks for space, not cargo: a visible cultural and memorial wing inside the colony.","Следующий запрос требует пространства, а не груза: заметного культурного и мемориального крыла внутри колонии."
"offer.offer-navajo-02.intro",51638931808282,"A colony without memory looks temporary, no matter how rich it becomes.","Колония без памяти выглядит временной, каким бы богатым ни было её развитие."
"offer.offer-navajo-02.accept",51638931808283,"Build the cultural wing and keep the essentials stable.","Постройте культурное крыло и поддерживайте основные системы в стабильном состоянии."
"offer.offer-navajo-02.complete",51638931808284,"The memorial wing gave the colony a sense of continuity.","Мемориальное крыло придало колонии ощущение преемственности."
"offer.offer-navajo-02.fail",51638931808285,"The space felt too thin to carry the meaning it needed.","Пространство оказалось слишком скромным для возложенного на него смысла."
"offer.offer-navajo-02.stage.0.title",51638931808286,"Cultural Space","Культурное пространство"
"offer.offer-navajo-02.stage.0.description",51638931808287,"Expand the habitat and add a visible landmark path.","Расширьте жилой модуль и добавьте заметный маршрут к достопримечательности."
"offer.offer-navajo-02.stage.0.objective.0.description",51638931808288,"Reach life-module width 8.","Достигните ширины жилого модуля 8."
"offer.offer-navajo-02.stage.0.objective.1.description",51638931808289,"Build 1 Bridge section.","Постройте 1 секцию моста."
"offer.offer-navajo-03.title",51638931808290,"Stewardship Review","Проверка ответственного развития"
"offer.offer-navajo-03.description",51638931808291,"The final cooperative step is philosophical and practical: keep a buffer, show restraint, and pass a stewardship review.","Последний этап кооператива одновременно философский и практический: держите резерв, проявите сдержанность и пройдите проверку ответственного развития."
"offer.offer-navajo-03.intro",51638931808292,"This review asks whether your colony can grow without losing its judgment.","Проверка покажет, может ли колония расти, не теряя рассудительности."
"offer.offer-navajo-03.accept",51638931808293,"Keep a reserve, add living capacity, and pass the stewardship review.","Сохраните резерв, добавьте жилые места и пройдите проверку ответственного развития."
"offer.offer-navajo-03.complete",51638931808294,"The cooperative endorsed the colony's quieter path forward.","Кооператив одобрил более спокойный путь развития колонии."
"offer.offer-navajo-03.fail",51638931808295,"The review judged the colony too extractive and too thinly buffered.","Проверка признала колонию слишком ориентированной на добычу и плохо защищённой резервами."
"offer.offer-navajo-03.stage.0.title",51638931808296,"Stewardship Buffer","Резерв развития"
"offer.offer-navajo-03.stage.0.description",51638931808297,"Hold a gold reserve and add another calm sleeping space.","Сохраните запас золота и добавьте ещё одно спокойное спальное место."
"offer.offer-navajo-03.stage.0.objective.0.description",51638931808298,"Reach 160 stored Gold.","Накопите 160 единиц золота."
"offer.offer-navajo-03.stage.0.objective.1.description",51638931808299,"Build 1 Sleep Module.","Постройте 1 модуль сна."
"offer.offer-spacex-02.title",51638931808300,"Orbital Guest Corridor","Орбитальный коридор для гостей"
"offer.offer-spacex-02.description",51638931808301,"Now SpaceX wants the base to look like a real transfer stop, not a mining camp with a lucky launch pad.","Теперь SpaceX хочет, чтобы база выглядела настоящей перевалочной станцией, а не шахтёрским лагерем со случайно удачной стартовой площадкой."
"offer.offer-spacex-02.intro",51638931808302,"Commercial planners are testing whether your base can host transit traffic.","Коммерческие планировщики проверяют, сможет ли база принимать транзитный поток."
"offer.offer-spacex-02.accept",51638931808303,"Expand the guest corridor and make it inspection-safe.","Расширьте гостевой коридор и подготовьте его к проверке."
"offer.offer-spacex-02.complete",51638931808304,"The corridor passed SpaceX review and unlocked the tourism pilot.","Коридор прошёл проверку SpaceX и открыл пилотный туристический проект."
"offer.offer-spacex-02.fail",51638931808305,"The corridor looked temporary and under-serviced.","Коридор выглядел временным и плохо обслуживаемым."
"offer.offer-spacex-02.stage.0.title",51638931808306,"Orbital Expansion","Орбитальное расширение"
"offer.offer-spacex-02.stage.0.description",51638931808307,"Add storage and a wider habitat spine for transfer crews.","Добавьте хранилища и расширьте жилой каркас для транзитных экипажей."
"offer.offer-spacex-02.stage.0.objective.0.description",51638931808308,"Build 2 Storage buildings.","Постройте 2 хранилища."
"offer.offer-spacex-02.stage.0.objective.1.description",51638931808309,"Reach life-module width 10.","Достигните ширины жилого модуля 10."
"offer.offer-spacex-01.title",51638931808310,"Dock Ring Metals","Металлы для стыковочного кольца"
"offer.offer-spacex-01.description",51638931808311,"SpaceX wants a clean, fast metals route before committing to a permanent orbital exchange hub.","SpaceX нужен чистый и быстрый маршрут поставки металлов перед запуском постоянного орбитального узла обмена."
"offer.offer-spacex-01.intro",51638931808312,"A launch slot is open, but only for a team that can move metal fast.","Стартовое окно открыто, но только для команды, способной быстро перемещать металл."
"offer.offer-spacex-01.accept",51638931808313,"Stock the ring metals and push them out on the next mission.","Соберите металлы для кольца и отправьте их следующей миссией."
"offer.offer-spacex-01.complete",51638931808314,"The first hub shipment reached orbit intact.","Первая поставка для узла без повреждений достигла орбиты."
"offer.offer-spacex-01.fail",51638931808315,"The launch window closed before the ring shipment moved.","Стартовое окно закрылось до отправки груза для кольца."
"offer.offer-spacex-01.stage.0.title",51638931808316,"Metal Stockpile","Запас металлов"
"offer.offer-spacex-01.stage.0.description",51638931808317,"Gather titan and aluminium for the docking ring package.","Соберите титан и алюминий для пакета стыковочного кольца."
"offer.offer-spacex-01.stage.0.objective.0.description",51638931808318,"Accumulate 18 Titan.","Накопите 18 единиц титана."
"offer.offer-spacex-01.stage.0.objective.1.description",51638931808319,"Accumulate 12 aluminium.","Накопите 12 единиц алюминия."
"offer.offer-spacex-03.title",51638931808320,"First Tourist Wave","Первая волна туристов"
"offer.offer-spacex-03.description",51638931808321,"The final SpaceX test is simple to say and hard to fake: host the first paying tourists without the base feeling fragile.","Финальное испытание SpaceX легко сформулировать, но сложно подделать: примите первых платных туристов, чтобы база не выглядела хрупкой."
"offer.offer-spacex-03.intro",51638931808322,"A tourism pilot is pencilled into the launch board.","Туристический пилотный проект уже внесён в план запусков."
"offer.offer-spacex-03.accept",51638931808323,"Build the guest experience, keep support online, and pass the final welcome inspection.","Создайте условия для гостей, поддерживайте системы онлайн и пройдите финальную проверку приёма."
"offer.offer-spacex-03.complete",51638931808324,"The first tourist wave left glowing reports and opened a new market.","Первая волна туристов оставила восторженные отзывы и открыла новый рынок."
"offer.offer-spacex-03.fail",51638931808325,"The guests saw too much mining camp and not enough colony.","Гости увидели слишком много шахтёрского лагеря и слишком мало колонии."
"offer.offer-spacex-03.stage.0.title",51638931808326,"Guest Experience","Условия для гостей"
"offer.offer-spacex-03.stage.0.description",51638931808327,"Add hospitality and keep oxygen stable for a full sol.","Добавьте сервис для гостей и поддерживайте стабильный уровень кислорода полный сол."
"offer.offer-spacex-03.stage.0.objective.0.description",51638931808328,"Build 1 Dinner Station.","Постройте 1 обеденную станцию."
"offer.offer-spacex-03.stage.0.objective.1.description",51638931808329,"Maintain 1 operational Oxygen Station for 1 sol.","Поддерживайте 1 работающую кислородную станцию в течение 1 сола."
"offer.offer-usa-03.title",51638931808330,"Containment Block Review","Проверка блока содержания"
"offer.offer-usa-03.description",51638931808331,"The last request is political: build an isolated holding block for security incidents without destabilizing the colony economy.","Последний запрос политический: постройте изолированный блок содержания для инцидентов безопасности, не расшатав экономику колонии."
"offer.offer-usa-03.intro",51638931808332,"Security planners want an answer before the next policy hearing.","Специалисты по безопасности хотят получить ответ до следующих политических слушаний."
"offer.offer-usa-03.accept",51638931808333,"Create a detention-ready wing with food, beds, and buffer funding.","Создайте крыло, готовое к содержанию, с едой, спальными местами и финансовым резервом."
"offer.offer-usa-03.complete",51638931808334,"The review board approved the moon security program.","Комиссия одобрила лунную программу безопасности."
"offer.offer-usa-03.fail",51638931808335,"The block was judged too weak or too expensive to trust.","Блок признали слишком слабым или слишком дорогим для доверия."
"offer.offer-usa-03.stage.0.title",51638931808336,"Containment Prep","Подготовка блока содержания"
"offer.offer-usa-03.stage.0.description",51638931808337,"Lay down the isolated support block and give it enough beds to function.","Разместите изолированный блок поддержки и добавьте достаточно спальных мест для работы."
"offer.offer-usa-03.stage.0.objective.0.description",51638931808338,"Build 3 Storage buildings.","Постройте 3 хранилища."
"offer.offer-usa-03.stage.0.objective.1.description",51638931808339,"Build 2 Sleep Modules.","Постройте 2 модуля сна."
"offer.offer-usa-01.title",51638931808340,"Lunar Logistics Rush","Лунная логистическая гонка"
"offer.offer-usa-01.description",51638931808341,"A pressure test for American logistics. Build a reliable first shipment lane before regulators start asking questions.","Проверка американской логистики на прочность. Создайте надёжный первый маршрут поставки, пока регуляторы не начали задавать вопросы."
"offer.offer-usa-01.intro",51638931808342,"Washington wants proof that your moon base can move freight on schedule.","Вашингтону нужно доказательство, что лунная база умеет перевозить грузы по расписанию."
"offer.offer-usa-01.accept",51638931808343,"A fast launch slot has been reserved. Do not waste it.","Быстрое стартовое окно уже зарезервировано. Не упустите его."
"offer.offer-usa-01.complete",51638931808344,"The shipment landed cleanly and the logistics desk wants more.","Поставка прибыла без сбоев, и логистический отдел хочет продолжения."
"offer.offer-usa-01.fail",51638931808345,"The lane broke down before the first audit even began.","Маршрут разрушился ещё до начала первого аудита."
"offer.offer-usa-01.stage.0.title",51638931808346,"Logistics Stockpile","Запас для логистики"
"offer.offer-usa-01.stage.0.description",51638931808347,"Pull enough titan into storage so the launch team can assemble the first rush convoy.","Накопите достаточно титана в хранилищах, чтобы команда запуска собрала первый срочный конвой."
"offer.offer-usa-01.stage.0.objective.0.description",51638931808348,"Accumulate 10 Titan in storage.","Накопите 10 единиц титана в хранилище."
"offer.offer-usa-02.title",51638931808349,"Federal Safety Audit","Федеральный аудит безопасности"
"offer.offer-usa-02.description",51638931808350,"The logistics lane is open. Now the federal observer wants a safer and wider storage wing before granting security clearance.","Логистический маршрут открыт. Теперь федеральный наблюдатель требует более безопасного и просторного крыла хранения для допуска к работе."
"offer.offer-usa-02.intro",51638931808351,"A federal safety office is preparing a surprise visit.","Федеральная служба безопасности готовит внезапный визит."
"offer.offer-usa-02.accept",51638931808352,"Expand the storage wing and prove the oxygen line can stay stable.","Расширьте крыло хранения и докажите, что кислородная линия останется стабильной."
"offer.offer-usa-02.complete",51638931808353,"The audit signed off and unlocked the next control package.","Аудит завершён успешно и открыл следующий пакет управления."
"offer.offer-usa-02.fail",51638931808354,"The inspector found a weak point in your support wing.","Инспектор обнаружил слабое место в крыле поддержки."
"offer.offer-usa-02.stage.0.title",51638931808355,"Storage Wing","Крыло хранения"
"offer.offer-usa-02.stage.0.description",51638931808356,"Add more storage and expand the habitat spine around it.","Добавьте хранилища и расширьте жилой каркас вокруг них."
"offer.offer-usa-02.stage.0.objective.0.description",51638931808357,"Build 2 Storage buildings.","Постройте 2 хранилища."
"offer.offer-usa-02.stage.0.objective.1.description",51638931808358,"Reach life-module width 8.","Достигните ширины жилого модуля 8."
"event.meteor-shower.title",7000000001,"Meteor Shower","Метеоритный дождь"
"event.meteor-shower.description",7000000002,"An intense meteor shower. Solar panels operate worse than usual today.","Усиленный метеоритный дождь. Сегодня солнечные панели работают хуже обычного."
"event.moonquake-week.title",7000000003,"Moonquake Week","Неделя лунных потрясений"
"event.moonquake-week.description",7000000004,"A moonquake may affect equipment operation and life-support modules.","Лунное потрясение может повлиять на работу оборудования и жизненно важные модули."
"event.radiation-week.title",7000000005,"High Radiation Week","Неделя активного радиационного фона"
"event.radiation-week.description",7000000006,"Astronomers warned of a week of high radiation. Be careful and spend less time on the lunar surface.","Астрологи предупредили о неделе активного радиационного фона. Будьте аккуратны и поменьше выходите на поверхность Луны."
"event.solar-activity.title",7000000007,"Solar Activity","Солнечная активность"
"event.solar-activity.description",7000000008,"Astronomers predict increased solar activity. Energy generation is higher today, but radiation levels are rising.","Астрологи предсказали усиленную солнечную активность. Сегодня выработка энергии выше, но радиационный фон растёт."
offer.offer-southafrica-01.stage.1.title,1675463427612672,Heavy Lift,Тяжёлый груз
offer.offer-southafrica-01.stage.1.description,1675463461167104,Reserve the titan and wait for the next mission arrival.,Зарезервируйте титан и дождитесь прибытия следующей миссии.
offer.offer-southafrica-01.stage.1.objective.0.description,1675463461167105,Reserve 16 Titan for shipment.,Зарезервируйте 16 единиц титана для отправки.
offer.offer-southafrica-01.stage.1.objective.1.description,1675463461167106,Wait for the next mission arrival.,Дождитесь прибытия следующей миссии.
offer.offer-southafrica-02.stage.1.title,1675463767351296,Discipline Window,Окно стабильности
offer.offer-southafrica-02.stage.1.description,1675463767351297,Keep power and processing stable for 1 sol.,Поддерживайте стабильную работу энергосистемы и переработки в течение 1 сола.
offer.offer-southafrica-02.stage.1.objective.0.description,1675463767351298,Maintain 1 operational Electric Battery for 1 sol.,Поддерживайте 1 работающую электрическую батарею в течение 1 сола.
offer.offer-southafrica-02.stage.1.objective.1.description,1675463767351299,Maintain 1 operational Regolith Processing Unit for 1 sol.,Поддерживайте 1 работающую установку переработки реголита в течение 1 сола.
offer.offer-china-03.stage.1.title,1675464073535488,Throughput Audit,Аудит пропускной способности
offer.offer-china-03.stage.1.description,1675464073535489,Receive the review team and pass the final audit.,Встретьте команду проверки и пройдите финальный аудит.
offer.offer-china-03.stage.1.objective.0.description,1675464073535490,Pass the efficiency audit.,Пройдите аудит эффективности.
offer.offer-china-02.stage.1.title,1675464379719680,Stable Throughput,Стабильная производительность
offer.offer-china-02.stage.1.description,1675464379719681,Hold both power and production in an operational state for 1 sol.,Поддерживайте энергосистему и производство в рабочем состоянии в течение 1 сола.
offer.offer-china-02.stage.1.objective.0.description,1675464379719682,Maintain 1 operational Electric Battery for 1 sol.,Поддерживайте 1 работающую электрическую батарею в течение 1 сола.
offer.offer-china-02.stage.1.objective.1.description,1675464379719683,Maintain 1 operational Regolith Processing Unit for 1 sol.,Поддерживайте 1 работающую установку переработки реголита в течение 1 сола.
offer.offer-china-01.stage.1.title,1675464698486784,Heavy Shipment,Тяжёлая поставка
offer.offer-china-01.stage.1.description,1675464698486785,Reserve the titan and wait for the next mission arrival.,Зарезервируйте титан и дождитесь прибытия следующей миссии.
offer.offer-china-01.stage.1.objective.0.description,1675464698486786,Reserve 20 Titan for shipment.,Зарезервируйте 20 единиц титана для отправки.
offer.offer-china-01.stage.1.objective.1.description,1675464698486787,Wait for the next mission arrival.,Дождитесь прибытия следующей миссии.
offer.offer-ethiopian-03.stage.1.title,1675465008865280,Stability Review,Проверка стабильности
offer.offer-ethiopian-03.stage.1.description,1675465008865281,Receive the review team and pass the final stability inspection.,Встретьте команду проверки и пройдите финальную проверку стабильности.
offer.offer-ethiopian-03.stage.1.objective.0.description,1675465008865282,Pass the stability program inspection.,Пройдите проверку программы стабильности.
offer.offer-ethiopian-02.stage.1.title,1675465310855168,Utility Calm,Стабильная инфраструктура
offer.offer-ethiopian-02.stage.1.description,1675465310855169,Keep water recovery and oxygen online for a full sol.,Поддерживайте работу восстановления воды и кислорода в течение полного сола.
offer.offer-ethiopian-02.stage.1.objective.0.description,1675465310855170,Maintain 1 operational Water Reclamation unit for 1 sol.,Поддерживайте 1 работающую установку восстановления воды в течение 1 сола.
offer.offer-ethiopian-02.stage.1.objective.1.description,1675465310855171,Maintain 1 operational Oxygen Station for 1 sol.,Поддерживайте 1 работающую кислородную станцию в течение 1 сола.
offer.offer-ethiopian-01.stage.1.title,1675465621233664,Supply Transfer,Перевод поставок
offer.offer-ethiopian-01.stage.1.description,1675465625427968,Reserve the package and wait for the next mission arrival.,Зарезервируйте комплект и дождитесь прибытия следующей миссии.
offer.offer-ethiopian-01.stage.1.objective.0.description,1675465625427969,Reserve 10 aluminium for shipment.,Зарезервируйте 10 единиц алюминия для отправки.
offer.offer-ethiopian-01.stage.1.objective.1.description,1675465625427970,Wait for the next mission arrival.,Дождитесь прибытия следующей миссии.
offer.offer-france-02.stage.1.title,1675465923223552,Utility Norms,Нормы инфраструктуры
offer.offer-france-02.stage.1.description,1675465923223553,Keep oxygen and water recovery online while the bureau runs its checklist.,"Поддерживайте работу кислорода и восстановления воды, пока бюро проводит проверку."
offer.offer-france-02.stage.1.objective.0.description,1675465923223554,Maintain 1 operational Oxygen Station for 1 sol.,Поддерживайте 1 работающую кислородную станцию в течение 1 сола.
offer.offer-france-02.stage.1.objective.1.description,1675465923223555,Maintain 1 operational Water Reclamation unit for 1 sol.,Поддерживайте 1 работающую установку восстановления воды в течение 1 сола.
offer.offer-france-03.stage.1.title,1675466225213440,European Audit,Европейский аудит
offer.offer-france-03.stage.1.description,1675466225213441,Receive the inspection delegation and pass the final review.,Встретьте инспекционную делегацию и пройдите финальную проверку.
offer.offer-france-03.stage.1.objective.0.description,1675466225213442,Pass the European inspection.,Пройдите европейскую проверку.
offer.offer-france-01.stage.1.title,1675466523009024,Laboratory Shipment,Лабораторная поставка
offer.offer-france-01.stage.1.description,1675466523009025,Reserve the sample and wait for the next mission to return.,Зарезервируйте образец и дождитесь возвращения следующей миссии.
offer.offer-france-01.stage.1.objective.0.description,1675466523009026,Reserve 12 Rogalite for shipment.,Зарезервируйте 12 единиц рогалита для отправки.
offer.offer-france-01.stage.1.objective.1.description,1675466523009027,Wait for the next mission arrival.,Дождитесь прибытия следующей миссии.
offer.offer-india-03.stage.1.title,1675466862747648,First Civic Visit,Первый гражданский визит
offer.offer-india-03.stage.1.description,1675466866941952,Welcome the first visitors and pass the civic readiness inspection.,Встретьте первых посетителей и пройдите проверку гражданской готовности.
offer.offer-india-03.stage.1.objective.0.description,1675466866941953,Pass the civic visit inspection.,Пройдите проверку гражданского визита.
offer.offer-india-02.stage.1.title,1675467223457792,Civil Utilities,Гражданская инфраструктура
offer.offer-india-02.stage.1.description,1675467227652096,Support the new quarters with food and oxygen stability.,Обеспечьте новые помещения едой и стабильной подачей кислорода.
offer.offer-india-02.stage.1.objective.0.description,1675467227652097,Build 1 Dinner Station.,Постройте 1 обеденную станцию.
offer.offer-india-02.stage.1.objective.1.description,1675467227652098,Maintain 1 operational Oxygen Station for 1 sol.,Поддерживайте 1 работающую кислородную станцию в течение 1 сола.
offer.offer-india-01.stage.1.title,1675467596750848,Base Materials Shipment,Поставка материалов на базу
offer.offer-india-01.stage.1.description,1675467596750849,Reserve the aluminium and wait for the next mission arrival.,Зарезервируйте алюминий и дождитесь прибытия следующей миссии.
offer.offer-india-01.stage.1.objective.0.description,1675467596750850,Reserve 14 aluminium for shipment.,Зарезервируйте 14 единиц алюминия для отправки.
offer.offer-india-01.stage.1.objective.1.description,1675467596750851,Wait for the next mission arrival.,Дождитесь прибытия следующей миссии.
offer.offer-mexico-03.stage.1.title,1675467940683776,Base Celebration,Праздник на базе
offer.offer-mexico-03.stage.1.description,1675467940683777,Receive the service review and pass the final event inspection.,Пройдите проверку сервиса и финальную проверку мероприятия.
offer.offer-mexico-03.stage.1.objective.0.description,1675467940683778,Pass the celebration inspection.,Пройдите проверку праздника.
offer.offer-mexico-02.stage.1.title,1675468259450880,Hosted Service,Приём гостей
offer.offer-mexico-02.stage.1.description,1675468259450881,Keep food and water support online while the service wing is reviewed.,"Поддерживайте снабжение едой и водой, пока проверяют сервисное крыло."
offer.offer-mexico-02.stage.1.objective.0.description,1675468259450882,Build 1 Water Processing Unit.,Постройте 1 установку переработки воды.
offer.offer-mexico-02.stage.1.objective.1.description,1675468263645184,Maintain 1 operational Dinner Station for 1 sol.,Поддерживайте 1 работающую обеденную станцию в течение 1 сола.
offer.offer-mexico-01.stage.1.title,1675468569829376,Fast Dispatch,Быстрая отправка
offer.offer-mexico-01.stage.1.description,1675468569829377,Reserve the regolith and wait for the next mission arrival.,Зарезервируйте реголит и дождитесь прибытия следующей миссии.
offer.offer-mexico-01.stage.1.objective.0.description,1675468569829378,Reserve 10 Rogalite for shipment.,Зарезервируйте 10 единиц рогалита для отправки.
offer.offer-mexico-01.stage.1.objective.1.description,1675468569829379,Wait for the next mission arrival.,Дождитесь прибытия следующей миссии.
offer.offer-navajo-01.stage.1.title,1675468884402176,Fair Trade Shipment,Поставка по справедливой торговле
offer.offer-navajo-01.stage.1.description,1675468884402177,Reserve the sample and wait for the next mission arrival.,Зарезервируйте образец и дождитесь прибытия следующей миссии.
offer.offer-navajo-01.stage.1.objective.0.description,1675468884402178,Reserve 8 Rogalite for shipment.,Зарезервируйте 8 единиц рогалита для отправки.
offer.offer-navajo-01.stage.1.objective.1.description,1675468884402179,Wait for the next mission arrival.,Дождитесь прибытия следующей миссии.
offer.offer-navajo-02.stage.1.title,1675469203169280,Quiet Utility,Стабильная инфраструктура
offer.offer-navajo-02.stage.1.description,1675469203169281,Keep oxygen stable while the cooperative reviews the new space.,"Поддерживайте стабильный уровень кислорода, пока кооператив проверяет новое пространство."
offer.offer-navajo-02.stage.1.objective.0.description,1675469203169282,Maintain 1 operational Oxygen Station for 1 sol.,Поддерживайте 1 работающую кислородную станцию в течение 1 сола.
offer.offer-navajo-03.stage.1.title,1675469513547776,Respect Review,Проверка уважения
offer.offer-navajo-03.stage.1.description,1675469513547777,Receive the stewardship observers and pass the final review.,Встретьте наблюдателей программы ответственного развития и пройдите финальную проверку.
offer.offer-navajo-03.stage.1.objective.0.description,1675469513547778,Pass the stewardship inspection.,Пройдите проверку программы ответственного развития.
offer.offer-spacex-02.stage.1.title,1675469823926272,VIP Corridor,VIP-коридор
offer.offer-spacex-02.stage.1.description,1675469823926273,Add sleeping capacity and pass the commercial readiness review.,Добавьте спальные места и пройдите проверку коммерческой готовности.
offer.offer-spacex-02.stage.1.objective.0.description,1675469823926274,Build 2 Sleep Modules.,Постройте 2 модуля сна.
offer.offer-spacex-02.stage.1.objective.1.description,1675469823926275,Pass the corridor inspection.,Пройдите проверку коридора.
offer.offer-spacex-01.stage.1.title,1675470130110464,Launch Window,Окно запуска
offer.offer-spacex-01.stage.1.description,1675470130110465,Reserve the full package and wait for the next mission arrival.,Зарезервируйте полный комплект и дождитесь прибытия следующей миссии.
offer.offer-spacex-01.stage.1.objective.0.description,1675470130110466,Reserve 18 Titan for shipment.,Зарезервируйте 18 единиц титана для отправки.
offer.offer-spacex-01.stage.1.objective.1.description,1675470130110467,Reserve 12 aluminium for shipment.,Зарезервируйте 12 единиц алюминия для отправки.
offer.offer-spacex-01.stage.1.objective.2.description,1675470134304768,Wait for the next mission arrival.,Дождитесь прибытия следующей миссии.
offer.offer-spacex-03.stage.1.title,1675470432100352,Tourist Arrival,Прибытие туристов
offer.offer-spacex-03.stage.1.description,1675470432100353,Hold cash for premium support and pass the tourism inspection.,Сохраните денежный резерв для расширенной поддержки и пройдите туристическую проверку.
offer.offer-spacex-03.stage.1.objective.0.description,1675470432100354,Reach 300 stored Gold.,Накопите 300 единиц золота.
offer.offer-spacex-03.stage.1.objective.1.description,1675470432100355,Pass the tourism inspection.,Пройдите туристическую проверку.
offer.offer-usa-03.stage.1.title,1675470725701632,Federal Review,Федеральная проверка
offer.offer-usa-03.stage.1.description,1675470725701633,"Feed the block, keep cash on hand, and survive the final review.","Обеспечьте блок питанием, сохраните денежный резерв и пройдите финальную проверку."
offer.offer-usa-03.stage.1.objective.0.description,1675470725701634,Build 1 Dinner Station.,Постройте 1 обеденную станцию.
offer.offer-usa-03.stage.1.objective.1.description,1675470725701635,Reach 260 stored Gold.,Накопите 260 единиц золота.
offer.offer-usa-03.stage.1.objective.2.description,1675470725701636,Pass the final security review.,Пройдите финальную проверку безопасности.
offer.offer-usa-01.stage.1.title,1675471015108608,Priority Shipment,Приоритетная поставка
offer.offer-usa-01.stage.1.description,1675471015108609,Reserve the titan and send it on the next mission before the contract window closes.,Зарезервируйте титан и отправьте его следующей миссией до закрытия окна контракта.
offer.offer-usa-01.stage.1.objective.0.description,1675471015108610,Reserve 10 Titan for shipment.,Зарезервируйте 10 единиц титана для отправки.
offer.offer-usa-01.stage.1.objective.1.description,1675471015108611,Wait for the next mission arrival.,Дождитесь прибытия следующей миссии.
offer.offer-usa-02.stage.1.title,1675471321292800,Safety Check,Проверка безопасности
offer.offer-usa-02.stage.1.description,1675471321292801,Keep support systems online while the federal observer checks the base.,"Поддерживайте системы жизнеобеспечения, пока федеральный наблюдатель проверяет базу."
offer.offer-usa-02.stage.1.objective.0.description,1675471321292802,Maintain 1 operational Oxygen Station for 1 sol.,Поддерживайте 1 работающую кислородную станцию в течение 1 сола.
offer.offer-usa-02.stage.1.objective.1.description,1675471321292803,Pass the inspection review.,Пройдите проверку инспекции.
